# name,lat,lon - place nodes from OpenStreetMap, Greater Melbourne bbox
Abbotsford,-37.8046,144.9989
Aberfeldie,-37.7596,144.8975
Aintree,-37.7194,144.6694
Airport West,-37.7223,144.8835
Albanvale,-37.7461,144.7686
Albert Park,-37.8452,144.9571
Albion,-37.7764,144.8161
Almurta,-38.4489,145.5828
Alphington,-37.7804,145.0309
Altona,-37.8602,144.8137
Altona Meadows,-37.8814,144.7845
Altona North,-37.8378,144.8343
Anderson,-38.5262,145.4467
Ardeer,-37.7759,144.8015
Armadale,-37.8568,145.0207
Armstrong Creek,-38.2341,144.371
Arthurs Creek,-37.5837,145.2071
Arthurs Seat,-38.3543,144.9537
Ascot Vale,-37.777,144.9137
Ashburton,-37.8674,145.0807
Ashwood,-37.8667,145.1022
Aspendale,-38.0219,145.1024
Aspendale Gardens,-38.0221,145.1198
Attwood,-37.667,144.8849
Avalon,-38.0847,144.4287
Avondale Heights,-37.7615,144.8621
Avonsleigh,-37.9208,145.4688
Bacchus Marsh,-37.6752,144.4366
Badger Creek,-37.7015,145.5329
Balaclava,-37.8703,144.9947
Balliang,-37.8333,144.3492
Balliang East,-37.793,144.4183
Balnarring,-38.3708,145.1171
Balnarring Beach,-38.3912,145.1201
Balwyn,-37.8092,145.0834
Balwyn East,-37.8033,145.1017
Balwyn North,-37.792,145.0842
Bangholme,-38.0484,145.1721
Barringo,-37.4179,144.6299
Barwon Heads,-38.2748,144.4881
Bass,-38.4842,145.4687
Baxter,-38.201,145.1569
Bayles,-38.177,145.5732
Bayswater,-37.8454,145.2648
Bayswater North,-37.826,145.2819
Beacon Cove,-37.8402,144.9312
Beaconsfield,-38.0403,145.3831
Beaconsfield Upper,-37.9985,145.4248
Beagleys Bridge,-37.8781,145.3735
Beaumaris,-37.9822,145.0389
Belgrave,-37.9121,145.3552
Belgrave Heights,-37.9259,145.3528
Belgrave South,-37.9424,145.3573
Bell Park,-38.1077,144.3384
Bell Post Hill,-38.0973,144.3236
Bellfield,-37.7531,145.0385
Belmont,-38.1786,144.3421
Bena,-38.4109,145.7616
Bend of Islands,-37.698,145.2807
Bennettswood,-37.8492,145.1099
Bentleigh,-37.9185,145.0409
Bentleigh East,-37.922,145.0666
Berwick,-38.0404,145.3481
Beveridge,-37.4713,144.9746
Big Pats Creek,-37.7647,145.7508
Bittern,-38.3376,145.1773
Black Rock,-37.9707,145.0213
Blackburn,-37.8217,145.1523
Blackburn North,-37.8054,145.1543
Blackburn South,-37.8388,145.1488
Blackwood,-37.4712,144.3065
Blackwood Forest,-38.4942,145.6168
Blairgowrie,-38.3687,144.7723
Blind Bight,-38.2142,145.3378
Bolinda,-37.4339,144.748
Bonbeach,-38.0631,145.1276
Boneo,-38.4063,144.9006
Bonnie Brook,-37.6948,144.6711
Boronia,-37.8563,145.286
Botanic Ridge,-38.1414,145.2566
Box Hill,-37.8215,145.1261
Box Hill North,-37.8057,145.1296
Box Hill South,-37.8366,145.1234
Braeside,-38.0005,145.123
Braybrook,-37.7867,144.8548
Breakwater,-38.1824,144.3735
Breamlea,-38.2964,144.3898
Briar Hill,-37.7064,145.1216
Brighton,-37.9082,144.9958
Brighton East,-37.9172,145.0164
Broadmeadows,-37.6833,144.9323
Brookfield,-37.6993,144.5406
Brooklyn,-37.8161,144.8415
Brunswick,-37.7665,144.9613
Brunswick East,-37.7689,144.9777
Brunswick West,-37.7633,144.9426
Bulla,-37.6348,144.8027
Bulleen,-37.7689,145.0872
Buln Buln,-38.0984,145.9413
Bundoora,-37.6982,145.0597
Bunyip,-38.0971,145.7209
Burnley,-37.8296,145.0175
Burnside,-37.7494,144.753
Burnside Heights,-37.7324,144.7556
Burnt Bridge,-37.7971,145.2561
Burwood,-37.8496,145.1114
Burwood East,-37.8536,145.1504
Buxton,-37.4238,145.7093
Cairnlea,-37.7593,144.7878
Calder Park,-37.6763,144.7611
Caldermeade,-38.246,145.5381
Camberwell,-37.8385,145.0741
Campbellfield,-37.6641,144.9596
Cannons Creek,-38.2115,145.3113
Canterbury,-37.8243,145.0758
Cape Schanck,-38.4617,144.8975
Cape Woolamai,-38.5313,145.3358
Capel Sound,-38.3737,144.8756
Cardinia,-38.1436,145.4178
Carlton,-37.8004,144.9684
Carlton North,-37.7846,144.9729
Carnegie,-37.8934,145.0559
Caroline Springs,-37.7341,144.737
Carrum,-38.0767,145.128
Carrum Downs,-38.1003,145.1789
Catani,-38.1948,145.6413
Caulfield,-37.8841,145.0264
Caulfield East,-37.8813,145.0421
Caulfield North,-37.8708,145.0218
Caulfield South,-37.8947,145.0249
Chadstone,-37.8823,145.1001
Charlemont,-38.2097,144.3687
Chartwell,-37.7973,144.6457
Chelsea,-38.0497,145.1214
Chelsea Heights,-38.0395,145.1328
Cheltenham,-37.9634,145.0616
Chilwell,-38.1563,144.3453
Chirnside Park,-37.7386,145.3143
Christmas Hills,-37.6528,145.3206
Chum Creek,-37.6072,145.4915
Clarinda,-37.9431,145.106
Clarkefield,-37.4835,144.748
Clayton,-37.9158,145.1314
Clayton North,-37.9038,145.1235
Clayton South,-37.932,145.1245
Clematis,-37.9341,145.4176
Clifton Hill,-37.7904,144.9975
Clifton Springs,-38.1531,144.5727
Clyde,-38.1326,145.3381
Clyde North,-38.0949,145.3628
Cobblebank,-37.7063,144.6026
Coburg,-37.745,144.9643
Coburg North,-37.7243,144.9675
Cockatoo,-37.9359,145.4933
Coimadai,-37.5904,144.4882
Coldstream,-37.7291,145.3784
Collendina,-38.2657,144.5453
Collingwood,-37.8021,144.9881
Connewarre,-38.2622,144.3979
Coolaroo,-37.6568,144.9346
Cora Lynn,-38.1437,145.6043
Corinella,-38.4146,145.4312
Corio,-38.0741,144.3586
Coronet Bay,-38.4377,145.4363
Cottles Bridge,-37.6234,145.2175
Cowes,-38.4502,145.239
Craigieburn,-37.5901,144.9108
Cranbourne,-38.1087,145.2834
Cranbourne East,-38.1081,145.3056
Cranbourne North,-38.0775,145.2989
Cranbourne South,-38.1578,145.2624
Cranbourne West,-38.1022,145.2517
Cremorne,-37.829,144.9928
Crib Point,-38.3524,145.203
Croydon,-37.7914,145.2815
Croydon Hills,-37.7744,145.2661
Croydon North,-37.7737,145.2858
Croydon South,-37.8155,145.2781
Curlewis,-38.1695,144.5458
Dales Creek,-37.5219,144.3032
Dallas,-37.6708,144.9354
Dalmore,-38.1868,145.4245
Dandenong,-37.9875,145.2148
Dandenong North,-37.9558,145.2143
Dandenong South,-38.028,145.2209
Darley,-37.6377,144.4263
Darraweit Guim,-37.4019,144.894
Deanside,-37.7291,144.7041
Deepdene,-37.8121,145.0664
Deer Park,-37.7687,144.7713
Delahey,-37.7198,144.7773
Derrimut,-37.7988,144.7761
Devon Meadows,-38.162,145.3025
Dewhurst,-37.9791,145.4691
Diamond Creek,-37.667,145.1587
Diggers Rest,-37.628,144.721
Dingley Village,-37.9756,145.1256
Dixons Creek,-37.6,145.416
Docklands,-37.8175,144.9395
Don Valley,-37.7596,145.5877
Doncaster,-37.7848,145.1238
Doncaster East,-37.7789,145.1639
Donnybrook,-37.5428,144.9703
Donvale,-37.7898,145.1915
Doreen,-37.5964,145.1429
Doveton,-37.9888,145.2386
Dromana,-38.3418,144.9656
Drouin,-38.1362,145.8564
Drouin East,-38.1443,145.8933
Drouin West,-38.0871,145.8735
Drumcondra,-38.1302,144.354
Drysdale,-38.1728,144.5711
Eaglemont,-37.7648,145.0635
East End Theatre District,-37.8121,144.9706
East Geelong,-38.1556,144.3802
East Melbourne,-37.8125,144.9859
East Warburton,-37.7442,145.7375
Eden Park,-37.495,145.0716
Edithvale,-38.0376,145.1149
Elsternwick,-37.8858,145.007
Eltham,-37.7175,145.1602
Eltham North,-37.6979,145.1418
Elwood,-37.8789,144.9855
Emerald,-37.9321,145.4407
Endeavour Hills,-37.9703,145.2563
Epping,-37.6391,145.0266
Essendon,-37.7498,144.9109
Essendon Fields,-37.7269,144.9004
Essendon North,-37.7385,144.9012
Essendon West,-37.7528,144.8846
Eumemmerring,-37.9985,145.2469
Exford,-37.7301,144.5434
Eynesbury,-37.7908,144.5562
Fairfield,-37.7845,145.0158
Fawkner,-37.7052,144.9696
Fenwick,-38.2407,144.502
Ferntree Gully,-37.8841,145.2817
Ferny Creek,-37.8797,145.3316
Fielder,-37.9463,145.5057
Fieldstone,-37.7499,144.6483
Fingal,-38.4151,144.8511
Fishermans Bend,-37.8246,144.9229
Fitzroy,-37.801,144.9793
Fitzroy North,-37.7833,144.9837
Flemington,-37.7868,144.9194
Flinders,-38.4733,145.0187
Footscray,-37.7981,144.8973
Forest Hill,-37.8363,145.1691
Fountain Gate,-38.02,145.3029
Frankston,-38.1457,145.1264
Frankston North,-38.1229,145.161
Frankston South,-38.1765,145.1296
Fraser Rise,-37.706,144.7174
Fyansford,-38.1417,144.3097
Garden City,-37.8375,144.92
Gardenvale,-37.8981,145.0092
Garfield,-38.0899,145.6762
Geelong,-38.1493,144.3598
Geelong West,-38.1393,144.345
Gembrook,-37.9528,145.5503
Gilderoy,-37.8547,145.7128
Gisborne,-37.4867,144.5904
Gisborne South,-37.5457,144.6199
Gladstone Park,-37.6898,144.8945
Gladysdale,-37.8198,145.6515
Glen Alvie,-38.5166,145.6627
Glen Forbes,-38.4592,145.5442
Glen Huntly,-37.8924,145.0414
Glen Iris,-37.8558,145.0646
Glen Waverley,-37.8816,145.1682
Glenferrie,-37.8212,145.0349
Glenroy,-37.7028,144.9275
Golden Point,-37.4727,144.3196
Goonawarra,-37.5726,144.7537
Gowanbrae,-37.7027,144.8976
Grangefields,-37.7,144.6351
Granton,-37.5315,145.6965
Grantville,-38.4074,145.5319
Greek Precinct,-37.811,144.9666
Greensborough,-37.6988,145.1074
Greenvale,-37.6377,144.8811
Greythorn,-37.7909,145.0957
Grovedale,-38.2022,144.3313
Gruyere,-37.7342,145.4502
Guys Hill,-38.0141,145.3925
HMAS Cerberus,-38.3828,145.1944
Hadfield,-37.7102,144.9503
Hallam,-38.0075,145.2689
Hamlyn Heights,-38.1211,144.324
Hampton,-37.9377,145.0087
Hampton East,-37.9385,145.0307
Hampton Park,-38.0367,145.259
Harkaway,-38.0003,145.3417
Harkness,-37.6568,144.5525
Hastings,-38.3077,145.1905
Hawthorn,-37.8244,145.0317
Hawthorn East,-37.8314,145.05
Healesville,-37.6537,145.5162
Heath Hill,-38.2415,145.705
Heatherton,-37.9561,145.0932
Heathmont,-37.8288,145.2459
Heidelberg,-37.7525,145.0701
Heidelberg Heights,-37.7452,145.0529
Heidelberg West,-37.7382,145.0434
Hermsley,-38.1642,144.5101
Herne Hill,-38.1342,144.3245
Highett,-37.9504,145.0398
Highton,-38.1709,144.319
Hillside,-37.6905,144.7417
Hoddles Creek,-37.8418,145.5931
Holmesglen,-37.8745,145.0915
Hopetoun Park,-37.695,144.5016
Hoppers Crossing,-37.8666,144.695
Hovell Park,-38.0518,144.4026
Hughesdale,-37.8995,145.0812
Humevale,-37.4979,145.1802
Huntingdale,-37.9077,145.1085
Hurstbridge,-37.6376,145.1943
Indented Head,-38.1397,144.7095
Ivanhoe,-37.769,145.0431
Ivanhoe East,-37.7734,145.0618
Jacana,-37.6877,144.9112
Jam Jerrup,-38.3235,145.5181
Jindivick,-38.0271,145.8993
Jolimont,-37.8167,144.9844
Jordanville,-37.8745,145.1098
Jumbunna,-38.4676,145.7748
Junction Village,-38.1363,145.2969
Kalkallo,-37.531,144.9497
Kallista,-37.8858,145.3729
Kalorama,-37.8178,145.3667
Kananook,-38.1206,145.1306
Kangaroo Ground,-37.6919,145.2159
Karingal,-38.1432,145.1526
Kealba,-37.7371,144.8283
Keilor,-37.7114,144.8251
Keilor Downs,-37.7206,144.8048
Keilor East,-37.7393,144.8592
Keilor Lodge,-37.6984,144.7998
Keilor North,-37.6816,144.793
Keilor Park,-37.7187,144.8502
Kensington,-37.7944,144.927
Kernot,-38.4275,145.598
Kerrimuir,-37.8057,145.1372
Kew,-37.8034,145.0333
Kew East,-37.7904,145.0528
Keysborough,-38.0054,145.1674
Kilcunda,-38.5492,145.4764
Kilsyth,-37.8038,145.3135
Kilsyth South,-37.8315,145.311
Kinglake,-37.5327,145.3411
Kinglake Central,-37.4692,145.3251
Kinglake West,-37.4736,145.2656
Kings Park,-37.7337,144.772
Kingsbury,-37.7156,145.0356
Kingsville,-37.8089,144.8794
Knoxfield,-37.8898,145.2496
Kongwak,-38.5154,145.7123
Koo Wee Rup,-38.1991,145.4929
Koo Wee Rup North,-38.1612,145.5401
Koonwarra,-38.5471,145.9423
Kooyong,-37.8414,145.0358
Koreatown,-37.8135,144.9558
Korumburra,-38.4322,145.8236
Kurunjang,-37.6627,144.5914
Laburnum,-37.8209,145.1414
Lalor,-37.6629,145.004
Lang Lang,-38.266,145.5628
Langwarrin,-38.1546,145.1974
Langwarrin South,-38.1891,145.1911
Lara,-38.0235,144.4088
Launching Place,-37.7807,145.5692
Laurimar,-37.5883,145.1285
Laverton,-37.8594,144.7671
Laverton North,-37.8301,144.7869
Leongatha,-38.4762,145.9459
Leopold,-38.1892,144.4645
Lillico,-38.1309,145.9373
Lilydale,-37.7577,145.3524
Little River,-37.9639,144.501
Loch,-38.3697,145.7067
Long Forest,-37.658,144.5058
Longwarry,-38.1111,145.7706
Longwarry North,-38.0833,145.7681
Lower Plenty,-37.7388,145.1162
Lynbrook,-38.0559,145.2561
Lyndhurst,-38.0685,145.2307
Lysterfield,-37.9349,145.3018
Lysterfield South,-37.9525,145.2669
Macclesfield,-37.887,145.4752
Macedon,-37.4214,144.5636
Macleod,-37.7204,145.0698
Maddingley,-37.6975,144.4195
Maidstone,-37.7819,144.8742
Main Ridge,-38.3966,144.972
Malvern,-37.8576,145.0351
Malvern East,-37.8768,145.0659
Mambourin,-37.8908,144.5948
Manifold Heights,-38.1374,144.3338
Manor Lakes,-37.8686,144.595
Maribyrnong,-37.7695,144.8902
Marshall,-38.1975,144.3573
Maryknoll,-38.0343,145.6048
Marysville,-37.5098,145.749
McCrae,-38.36,144.9339
McKinnon,-37.9106,145.0386
McMahons Creek,-37.7011,145.8318
Meadow Heights,-37.6512,144.9186
Melbourne,-37.8142,144.9656
Melbourne Airport,-37.6764,144.8365
Melton,-37.6836,144.5828
Melton South,-37.706,144.5718
Melton West,-37.6799,144.5529
Mentone,-37.9814,145.069
Menzies Creek,-37.9191,145.4068
Mernda,-37.5921,145.082
Merricks,-38.3898,145.0885
Merricks Beach,-38.3989,145.1064
Merricks North,-38.352,145.0757
Mickleham,-37.5345,144.912
Middle Park,-37.8512,144.962
Mill Park,-37.6641,145.0643
Millgrove,-37.7515,145.6612
Mitcham,-37.8176,145.1976
Monbulk,-37.8742,145.4286
Monegeetta,-37.413,144.7474
Monomeith,-38.2206,145.5107
Mont Albert,-37.8175,145.1076
Mont Albert North,-37.8033,145.1107
Montmorency,-37.719,145.1256
Montrose,-37.8099,145.3424
Moolap,-38.1803,144.4249
Moonee Ponds,-37.7656,144.9213
Moorabbin,-37.9415,145.0578
Moorabbin Airport,-37.9775,145.0995
Moorabbin East,-37.9435,145.0712
Moorooduc,-38.2432,145.1153
Mooroolbark,-37.7813,145.3257
Mordialloc,-37.9994,145.0961
Mornington,-38.2202,145.0411
Mount Burnett,-37.9757,145.511
Mount Cottrell,-37.7858,144.6244
Mount Dandenong,-37.8478,145.361
Mount Duneed,-38.2317,144.3171
Mount Eliza,-38.1838,145.0893
Mount Evelyn,-37.7873,145.3883
Mount Macedon,-37.4019,144.5874
Mount Martha,-38.2755,145.0308
Mount Toolebewong,-37.7183,145.5614
Mount Waverley,-37.8784,145.1285
Mulgrave,-37.9262,145.1723
Murrumbeena,-37.8969,145.0704
Myrniong,-37.6197,144.3472
Nangana,-37.8755,145.5325
Nar Nar Goon,-38.0821,145.5702
Nar Nar Goon North,-38.0293,145.5653
Narbethong,-37.5475,145.6628
Narre Warren,-38.018,145.3058
Narre Warren East,-37.9627,145.3619
Narre Warren North,-37.9813,145.3129
Narre Warren South,-38.0544,145.3029
Nayook,-37.9208,145.947
New Gisborne,-37.4607,144.5984
Newcomb,-38.1632,144.3953
Newhaven,-38.515,145.3608
Newmarket,-37.7868,144.9285
Newport,-37.8436,144.8805
Newtown,-38.1539,144.3351
Niddrie,-37.7398,144.8848
Noble Park,-37.9695,145.1767
Noble Park North,-37.9513,145.1908
Norlane,-38.0919,144.3537
Norlane West,-38.089,144.3434
North Geelong,-38.1154,144.3508
North Melbourne,-37.7986,144.9452
North Shore,-38.0951,144.3733
North Warrandyte,-37.7236,145.2088
Northcote,-37.7728,145.0009
Notting Hill,-37.9056,145.1456
Nunawading,-37.8173,145.1766
Nutfield,-37.6091,145.1829
Nyora,-38.3333,145.669
Oak Park,-37.7182,144.919
Oaklands Junction,-37.5781,144.8388
Oakleigh,-37.9007,145.0957
Oakleigh East,-37.8996,145.1057
Oakleigh South,-37.9248,145.0922
Ocean Grove,-38.267,144.5249
Officer,-38.0602,145.4099
Officer South,-38.0978,145.4218
Old Warburton,-37.7684,145.6728
Olinda,-37.8559,145.365
Olivers Hill,-38.1561,145.1063
Ormond,-37.904,145.0433
Outtrim,-38.4933,145.7684
Pakenham,-38.0792,145.4833
Pakenham South,-38.139,145.5003
Pakenham Upper,-38.009,145.5043
Panton Hill,-37.6414,145.239
Park Orchards,-37.7778,145.214
Parkdale,-37.9919,145.0813
Parkville,-37.7871,144.9516
Parwan,-37.7368,144.4678
Pascoe Vale,-37.7251,144.938
Pascoe Vale South,-37.7434,144.9385
Patterson Lakes,-38.0694,145.1432
Pearcedale,-38.2016,145.2422
Pennydale,-37.9605,145.0467
Pentland Hills,-37.6514,144.3698
Pioneer Bay,-38.3808,145.5527
Plenty,-37.6674,145.1124
Plumpton,-37.6728,144.6994
Point Cook,-37.9065,144.7533
Point Leo,-38.419,145.0753
Point Lonsdale,-38.2725,144.6137
Poowong,-38.343,145.7644
Poowong East,-38.3204,145.8326
Port Melbourne,-37.8334,144.9219
Portarlington,-38.1157,144.6531
Portsea,-38.3228,144.7004
Powelltown,-37.8631,145.7515
Prahran,-37.8519,145.0006
Preston,-37.7419,145.0078
Princes Hill,-37.7818,144.9666
Queens Park,-38.1498,144.3192
Queenscliff,-38.2671,144.6613
Ravenhall,-37.7755,144.7366
Red Hill,-38.3684,145.0209
Red Hill South,-38.3797,145.0281
Research,-37.7067,145.1891
Reservoir,-37.7124,145.0075
Rhyll,-38.4633,145.3069
Richmond,-37.8204,145.0025
Riddells Creek,-37.4588,144.6777
Ringwood,-37.8114,145.2306
Ringwood East,-37.8123,145.2526
Ringwood North,-37.7951,145.2331
Rippleside,-38.1235,144.3564
Ripponlea,-37.8778,144.9953
Robin Hood,-38.0897,145.8317
Rockbank,-37.7313,144.6607
Rokeby,-38.0708,145.9261
Rolling Hills,-37.7658,145.3264
Rosanna,-37.7396,145.0696
Rosebud,-38.371,144.9095
Rosewall,-38.0672,144.375
Rowville,-37.9239,145.2448
Roxburgh Park,-37.6258,144.9256
Ruckers Hill,-37.7758,144.9979
Ruthven,-37.7082,145.0095
Rye,-38.3822,144.8099
Rythdale,-38.1399,145.4641
Safety Beach,-38.3154,145.0003
San Remo,-38.5215,145.3694
Sanctuary Lakes,-37.8994,144.7649
Sandhurst,-38.0844,145.2012
Sandringham,-37.9533,145.0139
Sassafras,-37.8629,145.3537
Scoresby,-37.9026,145.2183
Seabrook,-37.8807,144.7578
Seaford,-38.1048,145.1384
Seaholme,-37.8642,144.8442
Seddon,-37.8068,144.8916
Selby,-37.9188,145.3784
Seville,-37.7782,145.4594
Seville East,-37.7743,145.4988
Sherbrooke,-37.8884,145.3594
Shoreham,-38.4256,145.0515
Silvan,-37.8232,145.4196
Silverleaves,-38.453,145.2703
Skye,-38.1051,145.2162
Sloan Hill,-37.7342,145.2164
Smiths Beach,-38.5017,145.257
Smiths Gully,-37.6201,145.2633
Solway,-37.8724,145.0729
Somers,-38.3923,145.1726
Somerton,-37.6347,144.9508
Somerville,-38.2254,145.1737
Sorrento,-38.3447,144.7421
South Geelong,-38.1668,144.3613
South Kingsville,-37.8307,144.8713
South Melbourne,-37.8334,144.9571
South Morang,-37.6317,145.0836
South Wharf,-37.8253,144.9493
South Yarra,-37.8378,144.9919
Southbank,-37.8254,144.964
Southern Village,-37.7903,144.8314
Spotswood,-37.8296,144.8879
Springvale,-37.9456,145.158
Springvale South,-37.9709,145.1479
St Albans,-37.7451,144.805
St Albans East,-37.7399,144.8088
St Albans Park,-38.194,144.3908
St Albans South,-37.7534,144.8128
St Andrews,-37.6027,145.2729
St Andrews Beach,-38.42,144.8312
St Helena,-37.6895,145.1296
St Kilda,-37.8638,144.9816
St Kilda East,-37.8668,145.0022
St Kilda West,-37.858,144.9712
St Leonards,-38.1708,144.7183
St. Fillans,-37.5432,145.6694
Stony Point,-38.3737,145.2215
Strathewen,-37.5479,145.2692
Strathmore,-37.7333,144.9182
Strathmore Heights,-37.7134,144.8969
Strathtulloh,-37.7324,144.5975
Strzelecki,-38.3479,145.8918
Sunbury,-37.5797,144.7295
Sunderland Bay,-38.5041,145.2787
Sunset Strip,-38.496,145.2684
Sunshine,-37.7893,144.8343
Sunshine North,-37.7639,144.8362
Sunshine West,-37.7983,144.8111
Surf Beach,-38.5133,145.2997
Surrey Hills,-37.8272,145.0978
Swan Bay,-38.2268,144.6512
Sydenham,-37.6997,144.7653
Sydenham West,-37.6829,144.6613
Syndal,-37.873,145.1489
Tally Ho,-37.8638,145.1538
Tankerton,-38.3851,145.2898
Tarneit,-37.8354,144.6647
Taylors Hill,-37.7152,144.7533
Taylors Lakes,-37.6986,144.7863
Tecoma,-37.903,145.3447
Templestowe,-37.7541,145.1486
Templestowe Lower,-37.7639,145.1123
Tenby Point,-38.411,145.4772
The Basin,-37.8557,145.3214
The Gurdies,-38.3714,145.5639
The Patch,-37.8901,145.3913
Thomastown,-37.6833,145.0081
Thomson,-38.1699,144.3789
Thornbury,-37.7583,145.0052
Thornhill Park,-37.7274,144.6259
Toolangi,-37.5334,145.4672
Toolern Vale,-37.6074,144.5942
Tooradin,-38.2138,145.3817
Toorak,-37.8416,145.0176
Tootgarook,-38.3777,144.8502
Torquay,-38.3267,144.3134
Torquay North,-38.3149,144.3318
Tottenham,-37.8047,144.8529
Travancore,-37.7808,144.9355
Tremont,-37.8864,145.3283
Truganina,-37.8089,144.7211
Tuerong,-38.2971,145.0961
Tullamarine,-37.7047,144.8718
Tyabb,-38.2637,145.1872
Tynong,-38.083,145.6268
Tynong North,-38.0261,145.632
Upfield,-37.6666,144.9476
Upper Ferntree Gully,-37.8967,145.3099
Upper Plenty,-37.4233,145.056
Upwey,-37.9052,145.328
Ventnor,-38.469,145.1715
Vermont,-37.838,145.1984
Vermont South,-37.8544,145.1878
Viewbank,-37.7399,145.0932
Wallan,-37.4139,144.9775
Wallara Waters,-37.4236,144.9946
Wallington,-38.2243,144.5047
Wandin East,-37.8124,145.4622
Wandin North,-37.7806,145.4263
Wantirna,-37.8523,145.226
Wantirna South,-37.8738,145.2217
Warburton,-37.7536,145.6887
Warneet,-38.2214,145.3117
Warragul,-38.1589,145.9336
Warrandyte,-37.7378,145.2237
Warrandyte South,-37.7649,145.2373
Warranwood,-37.773,145.2506
Waterways,-38.0148,145.1305
Watsonia,-37.7098,145.0833
Watsonia North,-37.696,145.085
Wattle Glen,-37.666,145.1814
Waurn Ponds,-38.2037,144.3022
Weir Views,-37.7324,144.5709
Werribee,-37.9009,144.662
Werribee South,-37.9707,144.689
Wesburn,-37.7662,145.6463
West Footscray,-37.8006,144.8711
West Melbourne,-37.8087,144.9238
Westgarth,-37.7802,144.9969
Westmeadows,-37.6769,144.8939
Westpark,-38.2966,145.1742
Wheelers Hill,-37.9103,145.1895
Whittington,-38.1771,144.3921
Whittlesea,-37.5121,145.1177
Wildwood,-37.5647,144.8008
Williams Landing,-37.8614,144.7445
Williamstown,-37.8612,144.8899
Williamstown North,-37.8526,144.8689
Wimbledon Heights,-38.4802,145.2342
Windsor,-37.8545,144.9922
Wollert,-37.594,145.0337
Wonga Park,-37.739,145.267
Wonga Park South,-37.7492,145.2703
Woodstock,-37.546,145.0563
Woolamai,-38.5041,145.4996
Woori Yallock,-37.7793,145.5301
Wyndham Harbour,-37.9646,144.7065
Wyndham Vale,-37.8869,144.6241
Yallambie,-37.7252,145.0935
Yan Yean,-37.5691,145.1078
Yarra Glen,-37.6573,145.3744
Yarra Junction,-37.7822,145.615
Yarrambat,-37.6375,145.1349
Yarraville,-37.818,144.8819
Yarra’s Edge,-37.8247,144.947
Yellingbo,-37.8103,145.5097
Yering,-37.691,145.3737
Yuroke,-37.5895,144.879
